Name,Isaac Benton,Brad Winter,Ken Sanchez,Klarissa J. Pena,Dan Lewis,Patrick Davis,Diane G. Gibson,Trudy E. Jones,Don Harris,Cynthia D. Borrego
District,,,,,,,,,,
Years_Active,[],[],[],[],[],[],[],[],[],[]
,Isaac Benton|https://cabq.legistar.com/HistoryDetail.aspx?ID=14151713&GUID=54FF075E-8F3A-4A6A-91DB-D2CEEB940F72|For,Brad Winter|https://cabq.legistar.com/HistoryDetail.aspx?ID=14151713&GUID=54FF075E-8F3A-4A6A-91DB-D2CEEB940F72|For,Ken Sanchez|https://cabq.legistar.com/HistoryDetail.aspx?ID=14151713&GUID=54FF075E-8F3A-4A6A-91DB-D2CEEB940F72|For,Klarissa J. Pena|https://cabq.legistar.com/HistoryDetail.aspx?ID=14151713&GUID=54FF075E-8F3A-4A6A-91DB-D2CEEB940F72|For,Dan Lewis|https://cabq.legistar.com/HistoryDetail.aspx?ID=14151713&GUID=54FF075E-8F3A-4A6A-91DB-D2CEEB940F72|For,Patrick Davis|https://cabq.legistar.com/HistoryDetail.aspx?ID=14151713&GUID=54FF075E-8F3A-4A6A-91DB-D2CEEB940F72|For,Diane G. Gibson|https://cabq.legistar.com/HistoryDetail.aspx?ID=14151713&GUID=54FF075E-8F3A-4A6A-91DB-D2CEEB940F72|For,Trudy E. Jones|https://cabq.legistar.com/HistoryDetail.aspx?ID=14151713&GUID=54FF075E-8F3A-4A6A-91DB-D2CEEB940F72|For,Don Harris|https://cabq.legistar.com/HistoryDetail.aspx?ID=14151713&GUID=54FF075E-8F3A-4A6A-91DB-D2CEEB940F72|For,Cynthia D. Borrego|https://cabq.legistar.com/HistoryDetail.aspx?ID=16665990&GUID=DFEB55B0-3F06-4EDD-9F3D-16A2A8699100|For
,Isaac Benton|https://cabq.legistar.com/HistoryDetail.aspx?ID=16665990&GUID=DFEB55B0-3F06-4EDD-9F3D-16A2A8699100|For,Brad Winter|https://cabq.legistar.com/HistoryDetail.aspx?ID=16665990&GUID=DFEB55B0-3F06-4EDD-9F3D-16A2A8699100|For,Ken Sanchez|https://cabq.legistar.com/HistoryDetail.aspx?ID=16665990&GUID=DFEB55B0-3F06-4EDD-9F3D-16A2A8699100|For,Klarissa J. Pena|https://cabq.legistar.com/HistoryDetail.aspx?ID=16665990&GUID=DFEB55B0-3F06-4EDD-9F3D-16A2A8699100|For,Dan Lewis|https://cabq.legistar.com/HistoryDetail.aspx?ID=14151857&GUID=5B4FB8A7-1CEB-480D-85C2-6878548AB996|For,Patrick Davis|https://cabq.legistar.com/HistoryDetail.aspx?ID=16665990&GUID=DFEB55B0-3F06-4EDD-9F3D-16A2A8699100|For,Diane G. Gibson|https://cabq.legistar.com/HistoryDetail.aspx?ID=16665990&GUID=DFEB55B0-3F06-4EDD-9F3D-16A2A8699100|For,Trudy E. Jones|https://cabq.legistar.com/HistoryDetail.aspx?ID=16665990&GUID=DFEB55B0-3F06-4EDD-9F3D-16A2A8699100|For,Don Harris|https://cabq.legistar.com/HistoryDetail.aspx?ID=16665990&GUID=DFEB55B0-3F06-4EDD-9F3D-16A2A8699100|For,Cynthia D. Borrego|https://cabq.legistar.com/HistoryDetail.aspx?ID=17797052&GUID=473E30C9-BB5B-4E5D-A06A-3F1A18D944E6|For
,Isaac Benton|https://cabq.legistar.com/HistoryDetail.aspx?ID=14151857&GUID=5B4FB8A7-1CEB-480D-85C2-6878548AB996|For,Brad Winter|https://cabq.legistar.com/HistoryDetail.aspx?ID=14151857&GUID=5B4FB8A7-1CEB-480D-85C2-6878548AB996|For,Ken Sanchez|https://cabq.legistar.com/HistoryDetail.aspx?ID=14151857&GUID=5B4FB8A7-1CEB-480D-85C2-6878548AB996|For,Klarissa J. Pena|https://cabq.legistar.com/HistoryDetail.aspx?ID=14151857&GUID=5B4FB8A7-1CEB-480D-85C2-6878548AB996|For,Dan Lewis|https://cabq.legistar.com/HistoryDetail.aspx?ID=14320299&GUID=48C3350C-294F-4FB6-A505-A4EC6B3C7F53|For,Patrick Davis|https://cabq.legistar.com/HistoryDetail.aspx?ID=14151857&GUID=5B4FB8A7-1CEB-480D-85C2-6878548AB996|For,Diane G. Gibson|https://cabq.legistar.com/HistoryDetail.aspx?ID=14151857&GUID=5B4FB8A7-1CEB-480D-85C2-6878548AB996|For,Trudy E. Jones|https://cabq.legistar.com/HistoryDetail.aspx?ID=14151857&GUID=5B4FB8A7-1CEB-480D-85C2-6878548AB996|For,Don Harris|https://cabq.legistar.com/HistoryDetail.aspx?ID=14151857&GUID=5B4FB8A7-1CEB-480D-85C2-6878548AB996|For,Cynthia D. Borrego|https://cabq.legistar.com/HistoryDetail.aspx?ID=15789341&GUID=5F1C05FE-F5E1-427B-8AF0-AAC5C6303544|For
,Isaac Benton|https://cabq.legistar.com/HistoryDetail.aspx?ID=17797052&GUID=473E30C9-BB5B-4E5D-A06A-3F1A18D944E6|For,Brad Winter|https://cabq.legistar.com/HistoryDetail.aspx?ID=14057655&GUID=7BCDA3A1-72BB-4FBC-8461-477D857B1D8E|Excused,Ken Sanchez|https://cabq.legistar.com/HistoryDetail.aspx?ID=14057655&GUID=7BCDA3A1-72BB-4FBC-8461-477D857B1D8E|For,Klarissa J. Pena|https://cabq.legistar.com/HistoryDetail.aspx?ID=14057655&GUID=7BCDA3A1-72BB-4FBC-8461-477D857B1D8E|For,Dan Lewis|https://cabq.legistar.com/HistoryDetail.aspx?ID=14320332&GUID=21D4BEE8-D46D-4E8B-BE85-53580673A1F4|For,Patrick Davis|https://cabq.legistar.com/HistoryDetail.aspx?ID=14057655&GUID=7BCDA3A1-72BB-4FBC-8461-477D857B1D8E|For,Diane G. Gibson|https://cabq.legistar.com/HistoryDetail.aspx?ID=17797052&GUID=473E30C9-BB5B-4E5D-A06A-3F1A18D944E6|For,Trudy E. Jones|https://cabq.legistar.com/HistoryDetail.aspx?ID=14057655&GUID=7BCDA3A1-72BB-4FBC-8461-477D857B1D8E|For,Don Harris|https://cabq.legistar.com/HistoryDetail.aspx?ID=14057655&GUID=7BCDA3A1-72BB-4FBC-8461-477D857B1D8E|For,Cynthia D. Borrego|https://cabq.legistar.com/HistoryDetail.aspx?ID=17087958&GUID=45D6A2E9-3336-47B8-BC29-9E21E90BEB33|For
,Isaac Benton|https://cabq.legistar.com/HistoryDetail.aspx?ID=15789341&GUID=5F1C05FE-F5E1-427B-8AF0-AAC5C6303544|For,Brad Winter|https://cabq.legistar.com/HistoryDetail.aspx?ID=17797052&GUID=473E30C9-BB5B-4E5D-A06A-3F1A18D944E6|For,Ken Sanchez|https://cabq.legistar.com/HistoryDetail.aspx?ID=17797052&GUID=473E30C9-BB5B-4E5D-A06A-3F1A18D944E6|For,Klarissa J. Pena|https://cabq.legistar.com/HistoryDetail.aspx?ID=17797052&GUID=473E30C9-BB5B-4E5D-A06A-3F1A18D944E6|For,Dan Lewis|https://cabq.legistar.com/HistoryDetail.aspx?ID=13651183&GUID=26FEF73C-6215-4B0D-AA17-2A4D9DAFE4E4|For,Patrick Davis|https://cabq.legistar.com/HistoryDetail.aspx?ID=17797052&GUID=473E30C9-BB5B-4E5D-A06A-3F1A18D944E6|For,Diane G. Gibson|https://cabq.legistar.com/HistoryDetail.aspx?ID=15789341&GUID=5F1C05FE-F5E1-427B-8AF0-AAC5C6303544|For,Trudy E. Jones|https://cabq.legistar.com/HistoryDetail.aspx?ID=17797052&GUID=473E30C9-BB5B-4E5D-A06A-3F1A18D944E6|For,Don Harris|https://cabq.legistar.com/HistoryDetail.aspx?ID=17797052&GUID=473E30C9-BB5B-4E5D-A06A-3F1A18D944E6|For,Cynthia D. Borrego|https://cabq.legistar.com/HistoryDetail.aspx?ID=14948431&GUID=905E96B9-5E1A-46EC-AF11-77B89E40BEA8|For
,Isaac Benton|https://cabq.legistar.com/HistoryDetail.aspx?ID=17087958&GUID=45D6A2E9-3336-47B8-BC29-9E21E90BEB33|For,Brad Winter|https://cabq.legistar.com/HistoryDetail.aspx?ID=15789341&GUID=5F1C05FE-F5E1-427B-8AF0-AAC5C6303544|For,Ken Sanchez|https://cabq.legistar.com/HistoryDetail.aspx?ID=15789341&GUID=5F1C05FE-F5E1-427B-8AF0-AAC5C6303544|For,Klarissa J. Pena|https://cabq.legistar.com/HistoryDetail.aspx?ID=15789341&GUID=5F1C05FE-F5E1-427B-8AF0-AAC5C6303544|For,Dan Lewis|https://cabq.legistar.com/HistoryDetail.aspx?ID=13183563&GUID=42392BC3-3E47-4BBA-80C2-DF3F75CF3E36|For,Patrick Davis|https://cabq.legistar.com/HistoryDetail.aspx?ID=15789341&GUID=5F1C05FE-F5E1-427B-8AF0-AAC5C6303544|For,Diane G. Gibson|https://cabq.legistar.com/HistoryDetail.aspx?ID=17087958&GUID=45D6A2E9-3336-47B8-BC29-9E21E90BEB33|For,Trudy E. Jones|https://cabq.legistar.com/HistoryDetail.aspx?ID=15789341&GUID=5F1C05FE-F5E1-427B-8AF0-AAC5C6303544|For,Don Harris|https://cabq.legistar.com/HistoryDetail.aspx?ID=15789341&GUID=5F1C05FE-F5E1-427B-8AF0-AAC5C6303544|Excused,Cynthia D. Borrego|https://cabq.legistar.com/HistoryDetail.aspx?ID=15333539&GUID=8743B1B3-534E-468F-8948-A51F79079940|For
,Isaac Benton|https://cabq.legistar.com/HistoryDetail.aspx?ID=14948431&GUID=905E96B9-5E1A-46EC-AF11-77B89E40BEA8|For,Brad Winter|https://cabq.legistar.com/HistoryDetail.aspx?ID=17087958&GUID=45D6A2E9-3336-47B8-BC29-9E21E90BEB33|For,Ken Sanchez|https://cabq.legistar.com/HistoryDetail.aspx?ID=17087958&GUID=45D6A2E9-3336-47B8-BC29-9E21E90BEB33|For,Klarissa J. Pena|https://cabq.legistar.com/HistoryDetail.aspx?ID=17087958&GUID=45D6A2E9-3336-47B8-BC29-9E21E90BEB33|For,Dan Lewis|https://cabq.legistar.com/HistoryDetail.aspx?ID=13651182&GUID=76428CAA-98F2-494A-9CC3-B75E203A65DF|For,Patrick Davis|https://cabq.legistar.com/HistoryDetail.aspx?ID=17087958&GUID=45D6A2E9-3336-47B8-BC29-9E21E90BEB33|For,Diane G. Gibson|https://cabq.legistar.com/HistoryDetail.aspx?ID=14948431&GUID=905E96B9-5E1A-46EC-AF11-77B89E40BEA8|For,Trudy E. Jones|https://cabq.legistar.com/HistoryDetail.aspx?ID=17087958&GUID=45D6A2E9-3336-47B8-BC29-9E21E90BEB33|For,Don Harris|https://cabq.legistar.com/HistoryDetail.aspx?ID=17087958&GUID=45D6A2E9-3336-47B8-BC29-9E21E90BEB33|For,Cynthia D. Borrego|https://cabq.legistar.com/HistoryDetail.aspx?ID=15231888&GUID=BA8B1925-ED00-49CF-8937-E5AA98CACA01|For
,Isaac Benton|https://cabq.legistar.com/HistoryDetail.aspx?ID=15333539&GUID=8743B1B3-534E-468F-8948-A51F79079940|For,Brad Winter|https://cabq.legistar.com/HistoryDetail.aspx?ID=14948431&GUID=905E96B9-5E1A-46EC-AF11-77B89E40BEA8|For,Ken Sanchez|https://cabq.legistar.com/HistoryDetail.aspx?ID=14948431&GUID=905E96B9-5E1A-46EC-AF11-77B89E40BEA8|For,Klarissa J. Pena|https://cabq.legistar.com/HistoryDetail.aspx?ID=14948431&GUID=905E96B9-5E1A-46EC-AF11-77B89E40BEA8|For,Dan Lewis|https://cabq.legistar.com/HistoryDetail.aspx?ID=13651063&GUID=3BD2F4AE-CBF1-46BF-BC4A-BBF5EC891196|For,Patrick Davis|https://cabq.legistar.com/HistoryDetail.aspx?ID=14948431&GUID=905E96B9-5E1A-46EC-AF11-77B89E40BEA8|For,Diane G. Gibson|https://cabq.legistar.com/HistoryDetail.aspx?ID=15333539&GUID=8743B1B3-534E-468F-8948-A51F79079940|For,Trudy E. Jones|https://cabq.legistar.com/HistoryDetail.aspx?ID=14948431&GUID=905E96B9-5E1A-46EC-AF11-77B89E40BEA8|For,Don Harris|https://cabq.legistar.com/HistoryDetail.aspx?ID=14948431&GUID=905E96B9-5E1A-46EC-AF11-77B89E40BEA8|For,Cynthia D. Borrego|https://cabq.legistar.com/HistoryDetail.aspx?ID=16454593&GUID=4D480E32-9F78-435C-8FFB-77B78AC03799|For
,Isaac Benton|https://cabq.legistar.com/HistoryDetail.aspx?ID=15231888&GUID=BA8B1925-ED00-49CF-8937-E5AA98CACA01|For,Brad Winter|https://cabq.legistar.com/HistoryDetail.aspx?ID=15333539&GUID=8743B1B3-534E-468F-8948-A51F79079940|For,Ken Sanchez|https://cabq.legistar.com/HistoryDetail.aspx?ID=15333539&GUID=8743B1B3-534E-468F-8948-A51F79079940|For,Klarissa J. Pena|https://cabq.legistar.com/HistoryDetail.aspx?ID=15333539&GUID=8743B1B3-534E-468F-8948-A51F79079940|For,,Patrick Davis|https://cabq.legistar.com/HistoryDetail.aspx?ID=15333539&GUID=8743B1B3-534E-468F-8948-A51F79079940|For,Diane G. Gibson|https://cabq.legistar.com/HistoryDetail.aspx?ID=15231888&GUID=BA8B1925-ED00-49CF-8937-E5AA98CACA01|For,Trudy E. Jones|https://cabq.legistar.com/HistoryDetail.aspx?ID=15333539&GUID=8743B1B3-534E-468F-8948-A51F79079940|For,Don Harris|https://cabq.legistar.com/HistoryDetail.aspx?ID=15333539&GUID=8743B1B3-534E-468F-8948-A51F79079940|Excused,Cynthia D. Borrego|https://cabq.legistar.com/HistoryDetail.aspx?ID=17301991&GUID=35CB0463-D06C-4892-87FE-B8FCD9B30B52|For
,Isaac Benton|https://cabq.legistar.com/HistoryDetail.aspx?ID=14320299&GUID=48C3350C-294F-4FB6-A505-A4EC6B3C7F53|For,Brad Winter|https://cabq.legistar.com/HistoryDetail.aspx?ID=14320299&GUID=48C3350C-294F-4FB6-A505-A4EC6B3C7F53|For,Ken Sanchez|https://cabq.legistar.com/HistoryDetail.aspx?ID=14320299&GUID=48C3350C-294F-4FB6-A505-A4EC6B3C7F53|For,Klarissa J. Pena|https://cabq.legistar.com/HistoryDetail.aspx?ID=14320299&GUID=48C3350C-294F-4FB6-A505-A4EC6B3C7F53|Excused,,Patrick Davis|https://cabq.legistar.com/HistoryDetail.aspx?ID=15231888&GUID=BA8B1925-ED00-49CF-8937-E5AA98CACA01|Excused,Diane G. Gibson|https://cabq.legistar.com/HistoryDetail.aspx?ID=14320299&GUID=48C3350C-294F-4FB6-A505-A4EC6B3C7F53|For,Trudy E. Jones|https://cabq.legistar.com/HistoryDetail.aspx?ID=15231888&GUID=BA8B1925-ED00-49CF-8937-E5AA98CACA01|For,Don Harris|https://cabq.legistar.com/HistoryDetail.aspx?ID=14320299&GUID=48C3350C-294F-4FB6-A505-A4EC6B3C7F53|For,Cynthia D. Borrego|https://cabq.legistar.com/HistoryDetail.aspx?ID=17284795&GUID=29D2CAAD-02F5-4537-88D8-F414842F0923|For
,Isaac Benton|https://cabq.legistar.com/HistoryDetail.aspx?ID=16454593&GUID=4D480E32-9F78-435C-8FFB-77B78AC03799|For,Brad Winter|https://cabq.legistar.com/HistoryDetail.aspx?ID=14210562&GUID=971A7F46-B67A-48A8-975B-28D7BD1259C4|For,Ken Sanchez|https://cabq.legistar.com/HistoryDetail.aspx?ID=14210562&GUID=971A7F46-B67A-48A8-975B-28D7BD1259C4|For,Klarissa J. Pena|https://cabq.legistar.com/HistoryDetail.aspx?ID=14210562&GUID=971A7F46-B67A-48A8-975B-28D7BD1259C4|For,,Patrick Davis|https://cabq.legistar.com/HistoryDetail.aspx?ID=14320299&GUID=48C3350C-294F-4FB6-A505-A4EC6B3C7F53|For,Diane G. Gibson|https://cabq.legistar.com/HistoryDetail.aspx?ID=16454593&GUID=4D480E32-9F78-435C-8FFB-77B78AC03799|For,Trudy E. Jones|https://cabq.legistar.com/HistoryDetail.aspx?ID=14320299&GUID=48C3350C-294F-4FB6-A505-A4EC6B3C7F53|For,Don Harris|https://cabq.legistar.com/HistoryDetail.aspx?ID=14210562&GUID=971A7F46-B67A-48A8-975B-28D7BD1259C4|For,Cynthia D. Borrego|https://cabq.legistar.com/HistoryDetail.aspx?ID=17284794&GUID=A53A46E0-EAC7-410E-A1A3-91CA9E156DCD|For
,Isaac Benton|https://cabq.legistar.com/HistoryDetail.aspx?ID=17301991&GUID=35CB0463-D06C-4892-87FE-B8FCD9B30B52|For,Brad Winter|https://cabq.legistar.com/HistoryDetail.aspx?ID=16454593&GUID=4D480E32-9F78-435C-8FFB-77B78AC03799|For,Ken Sanchez|https://cabq.legistar.com/HistoryDetail.aspx?ID=16454593&GUID=4D480E32-9F78-435C-8FFB-77B78AC03799|For,Klarissa J. Pena|https://cabq.legistar.com/HistoryDetail.aspx?ID=16454593&GUID=4D480E32-9F78-435C-8FFB-77B78AC03799|For,,Patrick Davis|https://cabq.legistar.com/HistoryDetail.aspx?ID=14210562&GUID=971A7F46-B67A-48A8-975B-28D7BD1259C4|For,Diane G. Gibson|https://cabq.legistar.com/HistoryDetail.aspx?ID=17301991&GUID=35CB0463-D06C-4892-87FE-B8FCD9B30B52|For,Trudy E. Jones|https://cabq.legistar.com/HistoryDetail.aspx?ID=16454593&GUID=4D480E32-9F78-435C-8FFB-77B78AC03799|For,Don Harris|https://cabq.legistar.com/HistoryDetail.aspx?ID=16454593&GUID=4D480E32-9F78-435C-8FFB-77B78AC03799|For,Cynthia D. Borrego|https://cabq.legistar.com/HistoryDetail.aspx?ID=17261638&GUID=B1DBC2E1-1631-4C1B-830E-54E1997025FB|For
,Isaac Benton|https://cabq.legistar.com/HistoryDetail.aspx?ID=17284795&GUID=29D2CAAD-02F5-4537-88D8-F414842F0923|For,Brad Winter|https://cabq.legistar.com/HistoryDetail.aspx?ID=17301991&GUID=35CB0463-D06C-4892-87FE-B8FCD9B30B52|Excused,Ken Sanchez|https://cabq.legistar.com/HistoryDetail.aspx?ID=17301991&GUID=35CB0463-D06C-4892-87FE-B8FCD9B30B52|For,Klarissa J. Pena|https://cabq.legistar.com/HistoryDetail.aspx?ID=17301991&GUID=35CB0463-D06C-4892-87FE-B8FCD9B30B52|For,,Patrick Davis|https://cabq.legistar.com/HistoryDetail.aspx?ID=16454593&GUID=4D480E32-9F78-435C-8FFB-77B78AC03799|For,Diane G. Gibson|https://cabq.legistar.com/HistoryDetail.aspx?ID=17284795&GUID=29D2CAAD-02F5-4537-88D8-F414842F0923|For,Trudy E. Jones|https://cabq.legistar.com/HistoryDetail.aspx?ID=17301991&GUID=35CB0463-D06C-4892-87FE-B8FCD9B30B52|For,Don Harris|https://cabq.legistar.com/HistoryDetail.aspx?ID=17301991&GUID=35CB0463-D06C-4892-87FE-B8FCD9B30B52|For,Cynthia D. Borrego|https://cabq.legistar.com/HistoryDetail.aspx?ID=14989090&GUID=4E274FD6-5163-4875-A900-F15E2A2B5A47|For
,Isaac Benton|https://cabq.legistar.com/HistoryDetail.aspx?ID=17284794&GUID=A53A46E0-EAC7-410E-A1A3-91CA9E156DCD|For,Brad Winter|https://cabq.legistar.com/HistoryDetail.aspx?ID=17284795&GUID=29D2CAAD-02F5-4537-88D8-F414842F0923|For,Ken Sanchez|https://cabq.legistar.com/HistoryDetail.aspx?ID=17284795&GUID=29D2CAAD-02F5-4537-88D8-F414842F0923|For,Klarissa J. Pena|https://cabq.legistar.com/HistoryDetail.aspx?ID=17284795&GUID=29D2CAAD-02F5-4537-88D8-F414842F0923|For,,Patrick Davis|https://cabq.legistar.com/HistoryDetail.aspx?ID=17301991&GUID=35CB0463-D06C-4892-87FE-B8FCD9B30B52|For,Diane G. Gibson|https://cabq.legistar.com/HistoryDetail.aspx?ID=17284794&GUID=A53A46E0-EAC7-410E-A1A3-91CA9E156DCD|For,Trudy E. Jones|https://cabq.legistar.com/HistoryDetail.aspx?ID=17284795&GUID=29D2CAAD-02F5-4537-88D8-F414842F0923|For,Don Harris|https://cabq.legistar.com/HistoryDetail.aspx?ID=17284795&GUID=29D2CAAD-02F5-4537-88D8-F414842F0923|For,Cynthia D. Borrego|https://cabq.legistar.com/HistoryDetail.aspx?ID=16718442&GUID=A033B98F-EB2C-45EE-B02C-5B8158CB8BA1|For
,Isaac Benton|https://cabq.legistar.com/HistoryDetail.aspx?ID=17261638&GUID=B1DBC2E1-1631-4C1B-830E-54E1997025FB|For,Brad Winter|https://cabq.legistar.com/HistoryDetail.aspx?ID=17284794&GUID=A53A46E0-EAC7-410E-A1A3-91CA9E156DCD|For,Ken Sanchez|https://cabq.legistar.com/HistoryDetail.aspx?ID=17284794&GUID=A53A46E0-EAC7-410E-A1A3-91CA9E156DCD|For,Klarissa J. Pena|https://cabq.legistar.com/HistoryDetail.aspx?ID=17284794&GUID=A53A46E0-EAC7-410E-A1A3-91CA9E156DCD|For,,Patrick Davis|https://cabq.legistar.com/HistoryDetail.aspx?ID=17284795&GUID=29D2CAAD-02F5-4537-88D8-F414842F0923|For,Diane G. Gibson|https://cabq.legistar.com/HistoryDetail.aspx?ID=17261638&GUID=B1DBC2E1-1631-4C1B-830E-54E1997025FB|For,Trudy E. Jones|https://cabq.legistar.com/HistoryDetail.aspx?ID=17284794&GUID=A53A46E0-EAC7-410E-A1A3-91CA9E156DCD|For,Don Harris|https://cabq.legistar.com/HistoryDetail.aspx?ID=17284794&GUID=A53A46E0-EAC7-410E-A1A3-91CA9E156DCD|For,Cynthia D. Borrego|https://cabq.legistar.com/HistoryDetail.aspx?ID=16718441&GUID=72E0812E-572A-4C12-A0C9-7AECB6716B7B|For
,Isaac Benton|https://cabq.legistar.com/HistoryDetail.aspx?ID=14989090&GUID=4E274FD6-5163-4875-A900-F15E2A2B5A47|For,Brad Winter|https://cabq.legistar.com/HistoryDetail.aspx?ID=17261638&GUID=B1DBC2E1-1631-4C1B-830E-54E1997025FB|For,Ken Sanchez|https://cabq.legistar.com/HistoryDetail.aspx?ID=17261638&GUID=B1DBC2E1-1631-4C1B-830E-54E1997025FB|For,Klarissa J. Pena|https://cabq.legistar.com/HistoryDetail.aspx?ID=17261638&GUID=B1DBC2E1-1631-4C1B-830E-54E1997025FB|For,,Patrick Davis|https://cabq.legistar.com/HistoryDetail.aspx?ID=17284794&GUID=A53A46E0-EAC7-410E-A1A3-91CA9E156DCD|For,Diane G. Gibson|https://cabq.legistar.com/HistoryDetail.aspx?ID=14989090&GUID=4E274FD6-5163-4875-A900-F15E2A2B5A47|For,Trudy E. Jones|https://cabq.legistar.com/HistoryDetail.aspx?ID=17261638&GUID=B1DBC2E1-1631-4C1B-830E-54E1997025FB|For,Don Harris|https://cabq.legistar.com/HistoryDetail.aspx?ID=17261638&GUID=B1DBC2E1-1631-4C1B-830E-54E1997025FB|For,Cynthia D. Borrego|https://cabq.legistar.com/HistoryDetail.aspx?ID=16713219&GUID=81204A64-597C-4957-8382-C27F0AEBB9ED|For
,Isaac Benton|https://cabq.legistar.com/HistoryDetail.aspx?ID=16718442&GUID=A033B98F-EB2C-45EE-B02C-5B8158CB8BA1|For,Brad Winter|https://cabq.legistar.com/HistoryDetail.aspx?ID=14989090&GUID=4E274FD6-5163-4875-A900-F15E2A2B5A47|For,Ken Sanchez|https://cabq.legistar.com/HistoryDetail.aspx?ID=14989090&GUID=4E274FD6-5163-4875-A900-F15E2A2B5A47|For,Klarissa J. Pena|https://cabq.legistar.com/HistoryDetail.aspx?ID=14989090&GUID=4E274FD6-5163-4875-A900-F15E2A2B5A47|For,,Patrick Davis|https://cabq.legistar.com/HistoryDetail.aspx?ID=17261638&GUID=B1DBC2E1-1631-4C1B-830E-54E1997025FB|For,Diane G. Gibson|https://cabq.legistar.com/HistoryDetail.aspx?ID=14899533&GUID=743E8DFD-1EB6-4746-987A-CEB83E44AC28|Excused,Trudy E. Jones|https://cabq.legistar.com/HistoryDetail.aspx?ID=14989090&GUID=4E274FD6-5163-4875-A900-F15E2A2B5A47|For,Don Harris|https://cabq.legistar.com/HistoryDetail.aspx?ID=14989090&GUID=4E274FD6-5163-4875-A900-F15E2A2B5A47|For,Cynthia D. Borrego|https://cabq.legistar.com/HistoryDetail.aspx?ID=15399237&GUID=F7B21447-A4B5-4149-9535-A817FF4C1A1B|For
,Isaac Benton|https://cabq.legistar.com/HistoryDetail.aspx?ID=16718441&GUID=72E0812E-572A-4C12-A0C9-7AECB6716B7B|For,Brad Winter|https://cabq.legistar.com/HistoryDetail.aspx?ID=14899533&GUID=743E8DFD-1EB6-4746-987A-CEB83E44AC28|For,Ken Sanchez|https://cabq.legistar.com/HistoryDetail.aspx?ID=14899533&GUID=743E8DFD-1EB6-4746-987A-CEB83E44AC28|For,Klarissa J. Pena|https://cabq.legistar.com/HistoryDetail.aspx?ID=14899533&GUID=743E8DFD-1EB6-4746-987A-CEB83E44AC28|For,,Patrick Davis|https://cabq.legistar.com/HistoryDetail.aspx?ID=14989090&GUID=4E274FD6-5163-4875-A900-F15E2A2B5A47|For,Diane G. Gibson|https://cabq.legistar.com/HistoryDetail.aspx?ID=16718442&GUID=A033B98F-EB2C-45EE-B02C-5B8158CB8BA1|For,Trudy E. Jones|https://cabq.legistar.com/HistoryDetail.aspx?ID=14899533&GUID=743E8DFD-1EB6-4746-987A-CEB83E44AC28|For,Don Harris|https://cabq.legistar.com/HistoryDetail.aspx?ID=14899533&GUID=743E8DFD-1EB6-4746-987A-CEB83E44AC28|Excused,Cynthia D. Borrego|https://cabq.legistar.com/HistoryDetail.aspx?ID=15333577&GUID=3758461F-A6A0-4F2E-8EF5-4E982ED44A3F|For
,Isaac Benton|https://cabq.legistar.com/HistoryDetail.aspx?ID=16713219&GUID=81204A64-597C-4957-8382-C27F0AEBB9ED|For,Brad Winter|https://cabq.legistar.com/HistoryDetail.aspx?ID=16718442&GUID=A033B98F-EB2C-45EE-B02C-5B8158CB8BA1|Excused,Ken Sanchez|https://cabq.legistar.com/HistoryDetail.aspx?ID=16718442&GUID=A033B98F-EB2C-45EE-B02C-5B8158CB8BA1|For,Klarissa J. Pena|https://cabq.legistar.com/HistoryDetail.aspx?ID=16718442&GUID=A033B98F-EB2C-45EE-B02C-5B8158CB8BA1|For,,Patrick Davis|https://cabq.legistar.com/HistoryDetail.aspx?ID=14899533&GUID=743E8DFD-1EB6-4746-987A-CEB83E44AC28|For,Diane G. Gibson|https://cabq.legistar.com/HistoryDetail.aspx?ID=16718441&GUID=72E0812E-572A-4C12-A0C9-7AECB6716B7B|For,Trudy E. Jones|https://cabq.legistar.com/HistoryDetail.aspx?ID=16718442&GUID=A033B98F-EB2C-45EE-B02C-5B8158CB8BA1|For,Don Harris|https://cabq.legistar.com/HistoryDetail.aspx?ID=16718442&GUID=A033B98F-EB2C-45EE-B02C-5B8158CB8BA1|For,Cynthia D. Borrego|https://cabq.legistar.com/HistoryDetail.aspx?ID=15789339&GUID=2720F31F-A354-4AD1-A55D-303BCDC6B008|For
,Isaac Benton|https://cabq.legistar.com/HistoryDetail.aspx?ID=15399237&GUID=F7B21447-A4B5-4149-9535-A817FF4C1A1B|For,Brad Winter|https://cabq.legistar.com/HistoryDetail.aspx?ID=16718441&GUID=72E0812E-572A-4C12-A0C9-7AECB6716B7B|Excused,Ken Sanchez|https://cabq.legistar.com/HistoryDetail.aspx?ID=16718441&GUID=72E0812E-572A-4C12-A0C9-7AECB6716B7B|For,Klarissa J. Pena|https://cabq.legistar.com/HistoryDetail.aspx?ID=16718441&GUID=72E0812E-572A-4C12-A0C9-7AECB6716B7B|For,,Patrick Davis|https://cabq.legistar.com/HistoryDetail.aspx?ID=16718442&GUID=A033B98F-EB2C-45EE-B02C-5B8158CB8BA1|For,Diane G. Gibson|https://cabq.legistar.com/HistoryDetail.aspx?ID=16713219&GUID=81204A64-597C-4957-8382-C27F0AEBB9ED|For,Trudy E. Jones|https://cabq.legistar.com/HistoryDetail.aspx?ID=16718441&GUID=72E0812E-572A-4C12-A0C9-7AECB6716B7B|For,Don Harris|https://cabq.legistar.com/HistoryDetail.aspx?ID=16718441&GUID=72E0812E-572A-4C12-A0C9-7AECB6716B7B|For,Cynthia D. Borrego|https://cabq.legistar.com/HistoryDetail.aspx?ID=14989202&GUID=8D03009A-9E46-44FC-A5AF-E90C1045DA26|For
,Isaac Benton|https://cabq.legistar.com/HistoryDetail.aspx?ID=15333577&GUID=3758461F-A6A0-4F2E-8EF5-4E982ED44A3F|For,Brad Winter|https://cabq.legistar.com/HistoryDetail.aspx?ID=16713219&GUID=81204A64-597C-4957-8382-C27F0AEBB9ED|Excused,Ken Sanchez|https://cabq.legistar.com/HistoryDetail.aspx?ID=16713219&GUID=81204A64-597C-4957-8382-C27F0AEBB9ED|For,Klarissa J. Pena|https://cabq.legistar.com/HistoryDetail.aspx?ID=16713219&GUID=81204A64-597C-4957-8382-C27F0AEBB9ED|For,,Patrick Davis|https://cabq.legistar.com/HistoryDetail.aspx?ID=16718441&GUID=72E0812E-572A-4C12-A0C9-7AECB6716B7B|For,Diane G. Gibson|https://cabq.legistar.com/HistoryDetail.aspx?ID=15399237&GUID=F7B21447-A4B5-4149-9535-A817FF4C1A1B|For,Trudy E. Jones|https://cabq.legistar.com/HistoryDetail.aspx?ID=16713219&GUID=81204A64-597C-4957-8382-C27F0AEBB9ED|For,Don Harris|https://cabq.legistar.com/HistoryDetail.aspx?ID=16713219&GUID=81204A64-597C-4957-8382-C27F0AEBB9ED|For,Cynthia D. Borrego|https://cabq.legistar.com/HistoryDetail.aspx?ID=14948579&GUID=358CB4E4-49AC-478B-9BD8-3087D509C05D|For
,Isaac Benton|https://cabq.legistar.com/HistoryDetail.aspx?ID=14320332&GUID=21D4BEE8-D46D-4E8B-BE85-53580673A1F4|For,Brad Winter|https://cabq.legistar.com/HistoryDetail.aspx?ID=15399237&GUID=F7B21447-A4B5-4149-9535-A817FF4C1A1B|For,Ken Sanchez|https://cabq.legistar.com/HistoryDetail.aspx?ID=15399237&GUID=F7B21447-A4B5-4149-9535-A817FF4C1A1B|For,Klarissa J. Pena|https://cabq.legistar.com/HistoryDetail.aspx?ID=15399237&GUID=F7B21447-A4B5-4149-9535-A817FF4C1A1B|For,,Patrick Davis|https://cabq.legistar.com/HistoryDetail.aspx?ID=16713219&GUID=81204A64-597C-4957-8382-C27F0AEBB9ED|For,Diane G. Gibson|https://cabq.legistar.com/HistoryDetail.aspx?ID=15333577&GUID=3758461F-A6A0-4F2E-8EF5-4E982ED44A3F|For,Trudy E. Jones|https://cabq.legistar.com/HistoryDetail.aspx?ID=15399237&GUID=F7B21447-A4B5-4149-9535-A817FF4C1A1B|For,Don Harris|https://cabq.legistar.com/HistoryDetail.aspx?ID=15399237&GUID=F7B21447-A4B5-4149-9535-A817FF4C1A1B|For,Cynthia D. Borrego|https://cabq.legistar.com/HistoryDetail.aspx?ID=16230816&GUID=BBD505F0-0D01-439E-9457-E2AF83C8877A|For
,Isaac Benton|https://cabq.legistar.com/HistoryDetail.aspx?ID=13651183&GUID=26FEF73C-6215-4B0D-AA17-2A4D9DAFE4E4|For,Brad Winter|https://cabq.legistar.com/HistoryDetail.aspx?ID=15333577&GUID=3758461F-A6A0-4F2E-8EF5-4E982ED44A3F|For,Ken Sanchez|https://cabq.legistar.com/HistoryDetail.aspx?ID=15333577&GUID=3758461F-A6A0-4F2E-8EF5-4E982ED44A3F|For,Klarissa J. Pena|https://cabq.legistar.com/HistoryDetail.aspx?ID=15333577&GUID=3758461F-A6A0-4F2E-8EF5-4E982ED44A3F|For,,Patrick Davis|https://cabq.legistar.com/HistoryDetail.aspx?ID=15399237&GUID=F7B21447-A4B5-4149-9535-A817FF4C1A1B|For,Diane G. Gibson|https://cabq.legistar.com/HistoryDetail.aspx?ID=15200935&GUID=59F5C1B9-6777-4A65-A104-83B3DBF2A35F|For,Trudy E. Jones|https://cabq.legistar.com/HistoryDetail.aspx?ID=15333577&GUID=3758461F-A6A0-4F2E-8EF5-4E982ED44A3F|For,Don Harris|https://cabq.legistar.com/HistoryDetail.aspx?ID=15333577&GUID=3758461F-A6A0-4F2E-8EF5-4E982ED44A3F|Excused,Cynthia D. Borrego|https://cabq.legistar.com/HistoryDetail.aspx?ID=16025548&GUID=F5B51264-327D-45F3-BA77-1DB6D4C5E0F6|For
,Isaac Benton|https://cabq.legistar.com/HistoryDetail.aspx?ID=15789339&GUID=2720F31F-A354-4AD1-A55D-303BCDC6B008|For,Brad Winter|https://cabq.legistar.com/HistoryDetail.aspx?ID=15200935&GUID=59F5C1B9-6777-4A65-A104-83B3DBF2A35F|For,Ken Sanchez|https://cabq.legistar.com/HistoryDetail.aspx?ID=15200935&GUID=59F5C1B9-6777-4A65-A104-83B3DBF2A35F|For,Klarissa J. Pena|https://cabq.legistar.com/HistoryDetail.aspx?ID=15200935&GUID=59F5C1B9-6777-4A65-A104-83B3DBF2A35F|For,,Patrick Davis|https://cabq.legistar.com/HistoryDetail.aspx?ID=15333577&GUID=3758461F-A6A0-4F2E-8EF5-4E982ED44A3F|For,Diane G. Gibson|https://cabq.legistar.com/HistoryDetail.aspx?ID=14320332&GUID=21D4BEE8-D46D-4E8B-BE85-53580673A1F4|For,Trudy E. Jones|https://cabq.legistar.com/HistoryDetail.aspx?ID=15200935&GUID=59F5C1B9-6777-4A65-A104-83B3DBF2A35F|For,Don Harris|https://cabq.legistar.com/HistoryDetail.aspx?ID=15200935&GUID=59F5C1B9-6777-4A65-A104-83B3DBF2A35F|Excused,Cynthia D. Borrego|https://cabq.legistar.com/HistoryDetail.aspx?ID=17158306&GUID=7365BF7B-D34D-42EC-BBB1-3F8714999428|For
,Isaac Benton|https://cabq.legistar.com/HistoryDetail.aspx?ID=14989202&GUID=8D03009A-9E46-44FC-A5AF-E90C1045DA26|For,Brad Winter|https://cabq.legistar.com/HistoryDetail.aspx?ID=14320332&GUID=21D4BEE8-D46D-4E8B-BE85-53580673A1F4|For,Ken Sanchez|https://cabq.legistar.com/HistoryDetail.aspx?ID=14320332&GUID=21D4BEE8-D46D-4E8B-BE85-53580673A1F4|For,Klarissa J. Pena|https://cabq.legistar.com/HistoryDetail.aspx?ID=14320332&GUID=21D4BEE8-D46D-4E8B-BE85-53580673A1F4|Excused,,Patrick Davis|https://cabq.legistar.com/HistoryDetail.aspx?ID=14320332&GUID=21D4BEE8-D46D-4E8B-BE85-53580673A1F4|For,Diane G. Gibson|https://cabq.legistar.com/HistoryDetail.aspx?ID=13651183&GUID=26FEF73C-6215-4B0D-AA17-2A4D9DAFE4E4|For,Trudy E. Jones|https://cabq.legistar.com/HistoryDetail.aspx?ID=14320332&GUID=21D4BEE8-D46D-4E8B-BE85-53580673A1F4|For,Don Harris|https://cabq.legistar.com/HistoryDetail.aspx?ID=14320332&GUID=21D4BEE8-D46D-4E8B-BE85-53580673A1F4|For,Cynthia D. Borrego|https://cabq.legistar.com/HistoryDetail.aspx?ID=17903316&GUID=ED07F89D-3DF5-4960-9568-1DAB9D6A6CBB|For
,Isaac Benton|https://cabq.legistar.com/HistoryDetail.aspx?ID=13183563&GUID=42392BC3-3E47-4BBA-80C2-DF3F75CF3E36|For,Brad Winter|https://cabq.legistar.com/HistoryDetail.aspx?ID=14248217&GUID=F05639B8-D73F-4350-9161-4AC8D4178E07|For,Ken Sanchez|https://cabq.legistar.com/HistoryDetail.aspx?ID=14248217&GUID=F05639B8-D73F-4350-9161-4AC8D4178E07|For,Klarissa J. Pena|https://cabq.legistar.com/HistoryDetail.aspx?ID=14248217&GUID=F05639B8-D73F-4350-9161-4AC8D4178E07|For,,Patrick Davis|https://cabq.legistar.com/HistoryDetail.aspx?ID=14248217&GUID=F05639B8-D73F-4350-9161-4AC8D4178E07|For,Diane G. Gibson|https://cabq.legistar.com/HistoryDetail.aspx?ID=15789339&GUID=2720F31F-A354-4AD1-A55D-303BCDC6B008|For,Trudy E. Jones|https://cabq.legistar.com/HistoryDetail.aspx?ID=13651183&GUID=26FEF73C-6215-4B0D-AA17-2A4D9DAFE4E4|For,Don Harris|https://cabq.legistar.com/HistoryDetail.aspx?ID=14248217&GUID=F05639B8-D73F-4350-9161-4AC8D4178E07|For,Cynthia D. Borrego|https://cabq.legistar.com/HistoryDetail.aspx?ID=17903523&GUID=CB1EC16D-4337-40BD-9139-FEC80CFA5E24|Against
,Isaac Benton|https://cabq.legistar.com/HistoryDetail.aspx?ID=14948579&GUID=358CB4E4-49AC-478B-9BD8-3087D509C05D|For,Brad Winter|https://cabq.legistar.com/HistoryDetail.aspx?ID=14213182&GUID=CC244E02-D96B-4AA3-8B95-3F8B32ADFEF5|For,Ken Sanchez|https://cabq.legistar.com/HistoryDetail.aspx?ID=14213182&GUID=CC244E02-D96B-4AA3-8B95-3F8B32ADFEF5|For,Klarissa J. Pena|https://cabq.legistar.com/HistoryDetail.aspx?ID=14213182&GUID=CC244E02-D96B-4AA3-8B95-3F8B32ADFEF5|For,,Patrick Davis|https://cabq.legistar.com/HistoryDetail.aspx?ID=14213182&GUID=CC244E02-D96B-4AA3-8B95-3F8B32ADFEF5|For,Diane G. Gibson|https://cabq.legistar.com/HistoryDetail.aspx?ID=14989202&GUID=8D03009A-9E46-44FC-A5AF-E90C1045DA26|For,Trudy E. Jones|https://cabq.legistar.com/HistoryDetail.aspx?ID=13557566&GUID=626E17D9-A38A-4C7D-A056-E077401E2A8D|For,Don Harris|https://cabq.legistar.com/HistoryDetail.aspx?ID=14213182&GUID=CC244E02-D96B-4AA3-8B95-3F8B32ADFEF5|For,Cynthia D. Borrego|https://cabq.legistar.com/HistoryDetail.aspx?ID=17870125&GUID=DA0FA4A0-F9F4-46BA-B325-C84B2429A902|For
,Isaac Benton|https://cabq.legistar.com/HistoryDetail.aspx?ID=16230816&GUID=BBD505F0-0D01-439E-9457-E2AF83C8877A|For,Brad Winter|https://cabq.legistar.com/HistoryDetail.aspx?ID=13651183&GUID=26FEF73C-6215-4B0D-AA17-2A4D9DAFE4E4|For,Ken Sanchez|https://cabq.legistar.com/HistoryDetail.aspx?ID=13651183&GUID=26FEF73C-6215-4B0D-AA17-2A4D9DAFE4E4|For,Klarissa J. Pena|https://cabq.legistar.com/HistoryDetail.aspx?ID=13651183&GUID=26FEF73C-6215-4B0D-AA17-2A4D9DAFE4E4|For,,Patrick Davis|https://cabq.legistar.com/HistoryDetail.aspx?ID=13651183&GUID=26FEF73C-6215-4B0D-AA17-2A4D9DAFE4E4|For,Diane G. Gibson|https://cabq.legistar.com/HistoryDetail.aspx?ID=13183563&GUID=42392BC3-3E47-4BBA-80C2-DF3F75CF3E36|For,Trudy E. Jones|https://cabq.legistar.com/HistoryDetail.aspx?ID=15789339&GUID=2720F31F-A354-4AD1-A55D-303BCDC6B008|For,Don Harris|https://cabq.legistar.com/HistoryDetail.aspx?ID=13651183&GUID=26FEF73C-6215-4B0D-AA17-2A4D9DAFE4E4|For,Cynthia D. Borrego|https://cabq.legistar.com/HistoryDetail.aspx?ID=17774083&GUID=7D2B5459-394F-47A9-8D88-2AAA99FAF854|Against
,Isaac Benton|https://cabq.legistar.com/HistoryDetail.aspx?ID=17158306&GUID=7365BF7B-D34D-42EC-BBB1-3F8714999428|For,Brad Winter|https://cabq.legistar.com/HistoryDetail.aspx?ID=13557566&GUID=626E17D9-A38A-4C7D-A056-E077401E2A8D|For,Ken Sanchez|https://cabq.legistar.com/HistoryDetail.aspx?ID=13557566&GUID=626E17D9-A38A-4C7D-A056-E077401E2A8D|Excused,Klarissa J. Pena|https://cabq.legistar.com/HistoryDetail.aspx?ID=13557566&GUID=626E17D9-A38A-4C7D-A056-E077401E2A8D|Excused,,Patrick Davis|https://cabq.legistar.com/HistoryDetail.aspx?ID=13557566&GUID=626E17D9-A38A-4C7D-A056-E077401E2A8D|For,Diane G. Gibson|https://cabq.legistar.com/HistoryDetail.aspx?ID=14948579&GUID=358CB4E4-49AC-478B-9BD8-3087D509C05D|For,Trudy E. Jones|https://cabq.legistar.com/HistoryDetail.aspx?ID=14989202&GUID=8D03009A-9E46-44FC-A5AF-E90C1045DA26|For,Don Harris|https://cabq.legistar.com/HistoryDetail.aspx?ID=13557566&GUID=626E17D9-A38A-4C7D-A056-E077401E2A8D|For,Cynthia D. Borrego|https://cabq.legistar.com/HistoryDetail.aspx?ID=14637850&GUID=B1E6E17C-B7E2-41EB-BD33-028583500970|For
,Isaac Benton|https://cabq.legistar.com/HistoryDetail.aspx?ID=17903316&GUID=ED07F89D-3DF5-4960-9568-1DAB9D6A6CBB|For,Brad Winter|https://cabq.legistar.com/HistoryDetail.aspx?ID=15789339&GUID=2720F31F-A354-4AD1-A55D-303BCDC6B008|For,Ken Sanchez|https://cabq.legistar.com/HistoryDetail.aspx?ID=15789339&GUID=2720F31F-A354-4AD1-A55D-303BCDC6B008|For,Klarissa J. Pena|https://cabq.legistar.com/HistoryDetail.aspx?ID=15789339&GUID=2720F31F-A354-4AD1-A55D-303BCDC6B008|For,,Patrick Davis|https://cabq.legistar.com/HistoryDetail.aspx?ID=15789339&GUID=2720F31F-A354-4AD1-A55D-303BCDC6B008|For,Diane G. Gibson|https://cabq.legistar.com/HistoryDetail.aspx?ID=16230816&GUID=BBD505F0-0D01-439E-9457-E2AF83C8877A|For,Trudy E. Jones|https://cabq.legistar.com/HistoryDetail.aspx?ID=13183563&GUID=42392BC3-3E47-4BBA-80C2-DF3F75CF3E36|For,Don Harris|https://cabq.legistar.com/HistoryDetail.aspx?ID=15789339&GUID=2720F31F-A354-4AD1-A55D-303BCDC6B008|Excused,Cynthia D. Borrego|https://cabq.legistar.com/HistoryDetail.aspx?ID=16230817&GUID=D5EF821F-A685-4FBA-9C7E-905AF64AA767|For
,Isaac Benton|https://cabq.legistar.com/HistoryDetail.aspx?ID=17903523&GUID=CB1EC16D-4337-40BD-9139-FEC80CFA5E24|For,Brad Winter|https://cabq.legistar.com/HistoryDetail.aspx?ID=14989202&GUID=8D03009A-9E46-44FC-A5AF-E90C1045DA26|For,Ken Sanchez|https://cabq.legistar.com/HistoryDetail.aspx?ID=14989202&GUID=8D03009A-9E46-44FC-A5AF-E90C1045DA26|For,Klarissa J. Pena|https://cabq.legistar.com/HistoryDetail.aspx?ID=14989202&GUID=8D03009A-9E46-44FC-A5AF-E90C1045DA26|For,,Patrick Davis|https://cabq.legistar.com/HistoryDetail.aspx?ID=14989202&GUID=8D03009A-9E46-44FC-A5AF-E90C1045DA26|For,Diane G. Gibson|https://cabq.legistar.com/HistoryDetail.aspx?ID=16025548&GUID=F5B51264-327D-45F3-BA77-1DB6D4C5E0F6|For,Trudy E. Jones|https://cabq.legistar.com/HistoryDetail.aspx?ID=14948579&GUID=358CB4E4-49AC-478B-9BD8-3087D509C05D|For,Don Harris|https://cabq.legistar.com/HistoryDetail.aspx?ID=14989202&GUID=8D03009A-9E46-44FC-A5AF-E90C1045DA26|For,Cynthia D. Borrego|https://cabq.legistar.com/HistoryDetail.aspx?ID=14541644&GUID=BA24B13A-A9D2-4A1A-A634-91A6BCD4964B|For
,Isaac Benton|https://cabq.legistar.com/HistoryDetail.aspx?ID=17870125&GUID=DA0FA4A0-F9F4-46BA-B325-C84B2429A902|For,Brad Winter|https://cabq.legistar.com/HistoryDetail.aspx?ID=13183563&GUID=42392BC3-3E47-4BBA-80C2-DF3F75CF3E36|For,Ken Sanchez|https://cabq.legistar.com/HistoryDetail.aspx?ID=13183563&GUID=42392BC3-3E47-4BBA-80C2-DF3F75CF3E36|For,Klarissa J. Pena|https://cabq.legistar.com/HistoryDetail.aspx?ID=13183563&GUID=42392BC3-3E47-4BBA-80C2-DF3F75CF3E36|For,,Patrick Davis|https://cabq.legistar.com/HistoryDetail.aspx?ID=13183563&GUID=42392BC3-3E47-4BBA-80C2-DF3F75CF3E36|For,Diane G. Gibson|https://cabq.legistar.com/HistoryDetail.aspx?ID=17158306&GUID=7365BF7B-D34D-42EC-BBB1-3F8714999428|For,Trudy E. Jones|https://cabq.legistar.com/HistoryDetail.aspx?ID=16230816&GUID=BBD505F0-0D01-439E-9457-E2AF83C8877A|For,Don Harris|https://cabq.legistar.com/HistoryDetail.aspx?ID=13183563&GUID=42392BC3-3E47-4BBA-80C2-DF3F75CF3E36|For,
,Isaac Benton|https://cabq.legistar.com/HistoryDetail.aspx?ID=17774083&GUID=7D2B5459-394F-47A9-8D88-2AAA99FAF854|For,Brad Winter|https://cabq.legistar.com/HistoryDetail.aspx?ID=14948579&GUID=358CB4E4-49AC-478B-9BD8-3087D509C05D|For,Ken Sanchez|https://cabq.legistar.com/HistoryDetail.aspx?ID=14948579&GUID=358CB4E4-49AC-478B-9BD8-3087D509C05D|For,Klarissa J. Pena|https://cabq.legistar.com/HistoryDetail.aspx?ID=14948579&GUID=358CB4E4-49AC-478B-9BD8-3087D509C05D|For,,Patrick Davis|https://cabq.legistar.com/HistoryDetail.aspx?ID=14948579&GUID=358CB4E4-49AC-478B-9BD8-3087D509C05D|For,Diane G. Gibson|https://cabq.legistar.com/HistoryDetail.aspx?ID=17903316&GUID=ED07F89D-3DF5-4960-9568-1DAB9D6A6CBB|For,Trudy E. Jones|https://cabq.legistar.com/HistoryDetail.aspx?ID=17158306&GUID=7365BF7B-D34D-42EC-BBB1-3F8714999428|For,Don Harris|https://cabq.legistar.com/HistoryDetail.aspx?ID=14948579&GUID=358CB4E4-49AC-478B-9BD8-3087D509C05D|For,
,Isaac Benton|https://cabq.legistar.com/HistoryDetail.aspx?ID=13651182&GUID=76428CAA-98F2-494A-9CC3-B75E203A65DF|For,Brad Winter|https://cabq.legistar.com/HistoryDetail.aspx?ID=16230816&GUID=BBD505F0-0D01-439E-9457-E2AF83C8877A|For,Ken Sanchez|https://cabq.legistar.com/HistoryDetail.aspx?ID=16230816&GUID=BBD505F0-0D01-439E-9457-E2AF83C8877A|For,Klarissa J. Pena|https://cabq.legistar.com/HistoryDetail.aspx?ID=16230816&GUID=BBD505F0-0D01-439E-9457-E2AF83C8877A|For,,Patrick Davis|https://cabq.legistar.com/HistoryDetail.aspx?ID=16230816&GUID=BBD505F0-0D01-439E-9457-E2AF83C8877A|For,Diane G. Gibson|https://cabq.legistar.com/HistoryDetail.aspx?ID=17903523&GUID=CB1EC16D-4337-40BD-9139-FEC80CFA5E24|For,Trudy E. Jones|https://cabq.legistar.com/HistoryDetail.aspx?ID=17903316&GUID=ED07F89D-3DF5-4960-9568-1DAB9D6A6CBB|For,Don Harris|https://cabq.legistar.com/HistoryDetail.aspx?ID=16230816&GUID=BBD505F0-0D01-439E-9457-E2AF83C8877A|For,
,Isaac Benton|https://cabq.legistar.com/HistoryDetail.aspx?ID=14637850&GUID=B1E6E17C-B7E2-41EB-BD33-028583500970|For,Brad Winter|https://cabq.legistar.com/HistoryDetail.aspx?ID=16025548&GUID=F5B51264-327D-45F3-BA77-1DB6D4C5E0F6|For,Ken Sanchez|https://cabq.legistar.com/HistoryDetail.aspx?ID=16025548&GUID=F5B51264-327D-45F3-BA77-1DB6D4C5E0F6|For,Klarissa J. Pena|https://cabq.legistar.com/HistoryDetail.aspx?ID=16025548&GUID=F5B51264-327D-45F3-BA77-1DB6D4C5E0F6|Excused,,Patrick Davis|https://cabq.legistar.com/HistoryDetail.aspx?ID=17158306&GUID=7365BF7B-D34D-42EC-BBB1-3F8714999428|For,Diane G. Gibson|https://cabq.legistar.com/HistoryDetail.aspx?ID=17870125&GUID=DA0FA4A0-F9F4-46BA-B325-C84B2429A902|For,Trudy E. Jones|https://cabq.legistar.com/HistoryDetail.aspx?ID=17903523&GUID=CB1EC16D-4337-40BD-9139-FEC80CFA5E24|For,Don Harris|https://cabq.legistar.com/HistoryDetail.aspx?ID=16025548&GUID=F5B51264-327D-45F3-BA77-1DB6D4C5E0F6|For,
,Isaac Benton|https://cabq.legistar.com/HistoryDetail.aspx?ID=13651063&GUID=3BD2F4AE-CBF1-46BF-BC4A-BBF5EC891196|For,Brad Winter|https://cabq.legistar.com/HistoryDetail.aspx?ID=17158306&GUID=7365BF7B-D34D-42EC-BBB1-3F8714999428|For,Ken Sanchez|https://cabq.legistar.com/HistoryDetail.aspx?ID=17158306&GUID=7365BF7B-D34D-42EC-BBB1-3F8714999428|For,Klarissa J. Pena|https://cabq.legistar.com/HistoryDetail.aspx?ID=17158306&GUID=7365BF7B-D34D-42EC-BBB1-3F8714999428|For,,Patrick Davis|https://cabq.legistar.com/HistoryDetail.aspx?ID=17903316&GUID=ED07F89D-3DF5-4960-9568-1DAB9D6A6CBB|For,Diane G. Gibson|https://cabq.legistar.com/HistoryDetail.aspx?ID=17774083&GUID=7D2B5459-394F-47A9-8D88-2AAA99FAF854|For,Trudy E. Jones|https://cabq.legistar.com/HistoryDetail.aspx?ID=17870125&GUID=DA0FA4A0-F9F4-46BA-B325-C84B2429A902|For,Don Harris|https://cabq.legistar.com/HistoryDetail.aspx?ID=17158306&GUID=7365BF7B-D34D-42EC-BBB1-3F8714999428|For,
,Isaac Benton|https://cabq.legistar.com/HistoryDetail.aspx?ID=16230817&GUID=D5EF821F-A685-4FBA-9C7E-905AF64AA767|For,Brad Winter|https://cabq.legistar.com/HistoryDetail.aspx?ID=17903316&GUID=ED07F89D-3DF5-4960-9568-1DAB9D6A6CBB|For,Ken Sanchez|https://cabq.legistar.com/HistoryDetail.aspx?ID=17903316&GUID=ED07F89D-3DF5-4960-9568-1DAB9D6A6CBB|For,Klarissa J. Pena|https://cabq.legistar.com/HistoryDetail.aspx?ID=17903316&GUID=ED07F89D-3DF5-4960-9568-1DAB9D6A6CBB|For,,Patrick Davis|https://cabq.legistar.com/HistoryDetail.aspx?ID=17903523&GUID=CB1EC16D-4337-40BD-9139-FEC80CFA5E24|For,Diane G. Gibson|https://cabq.legistar.com/HistoryDetail.aspx?ID=13651182&GUID=76428CAA-98F2-494A-9CC3-B75E203A65DF|For,Trudy E. Jones|https://cabq.legistar.com/HistoryDetail.aspx?ID=17774083&GUID=7D2B5459-394F-47A9-8D88-2AAA99FAF854|For,Don Harris|https://cabq.legistar.com/HistoryDetail.aspx?ID=17903316&GUID=ED07F89D-3DF5-4960-9568-1DAB9D6A6CBB|For,
,Isaac Benton|https://cabq.legistar.com/HistoryDetail.aspx?ID=14541644&GUID=BA24B13A-A9D2-4A1A-A634-91A6BCD4964B|For,Brad Winter|https://cabq.legistar.com/HistoryDetail.aspx?ID=17903523&GUID=CB1EC16D-4337-40BD-9139-FEC80CFA5E24|For,Ken Sanchez|https://cabq.legistar.com/HistoryDetail.aspx?ID=17903523&GUID=CB1EC16D-4337-40BD-9139-FEC80CFA5E24|Against,Klarissa J. Pena|https://cabq.legistar.com/HistoryDetail.aspx?ID=17903523&GUID=CB1EC16D-4337-40BD-9139-FEC80CFA5E24|Against,,Patrick Davis|https://cabq.legistar.com/HistoryDetail.aspx?ID=17870125&GUID=DA0FA4A0-F9F4-46BA-B325-C84B2429A902|For,Diane G. Gibson|https://cabq.legistar.com/HistoryDetail.aspx?ID=14637850&GUID=B1E6E17C-B7E2-41EB-BD33-028583500970|For,Trudy E. Jones|https://cabq.legistar.com/HistoryDetail.aspx?ID=13651182&GUID=76428CAA-98F2-494A-9CC3-B75E203A65DF|For,Don Harris|https://cabq.legistar.com/HistoryDetail.aspx?ID=17903523&GUID=CB1EC16D-4337-40BD-9139-FEC80CFA5E24|For,
,,Brad Winter|https://cabq.legistar.com/HistoryDetail.aspx?ID=17870125&GUID=DA0FA4A0-F9F4-46BA-B325-C84B2429A902|For,Ken Sanchez|https://cabq.legistar.com/HistoryDetail.aspx?ID=17870125&GUID=DA0FA4A0-F9F4-46BA-B325-C84B2429A902|For,Klarissa J. Pena|https://cabq.legistar.com/HistoryDetail.aspx?ID=17870125&GUID=DA0FA4A0-F9F4-46BA-B325-C84B2429A902|For,,Patrick Davis|https://cabq.legistar.com/HistoryDetail.aspx?ID=17774083&GUID=7D2B5459-394F-47A9-8D88-2AAA99FAF854|For,Diane G. Gibson|https://cabq.legistar.com/HistoryDetail.aspx?ID=13651063&GUID=3BD2F4AE-CBF1-46BF-BC4A-BBF5EC891196|For,Trudy E. Jones|https://cabq.legistar.com/HistoryDetail.aspx?ID=13557565&GUID=B141A757-89E2-4153-84A9-E07911916A05|For,Don Harris|https://cabq.legistar.com/HistoryDetail.aspx?ID=17870125&GUID=DA0FA4A0-F9F4-46BA-B325-C84B2429A902|For,
,,Brad Winter|https://cabq.legistar.com/HistoryDetail.aspx?ID=17774083&GUID=7D2B5459-394F-47A9-8D88-2AAA99FAF854|For,Ken Sanchez|https://cabq.legistar.com/HistoryDetail.aspx?ID=17774083&GUID=7D2B5459-394F-47A9-8D88-2AAA99FAF854|Excused,Klarissa J. Pena|https://cabq.legistar.com/HistoryDetail.aspx?ID=17774083&GUID=7D2B5459-394F-47A9-8D88-2AAA99FAF854|Against,,Patrick Davis|https://cabq.legistar.com/HistoryDetail.aspx?ID=13651182&GUID=76428CAA-98F2-494A-9CC3-B75E203A65DF|For,Diane G. Gibson|https://cabq.legistar.com/HistoryDetail.aspx?ID=16230817&GUID=D5EF821F-A685-4FBA-9C7E-905AF64AA767|For,Trudy E. Jones|https://cabq.legistar.com/HistoryDetail.aspx?ID=14637850&GUID=B1E6E17C-B7E2-41EB-BD33-028583500970|For,Don Harris|https://cabq.legistar.com/HistoryDetail.aspx?ID=17774083&GUID=7D2B5459-394F-47A9-8D88-2AAA99FAF854|For,
,,Brad Winter|https://cabq.legistar.com/HistoryDetail.aspx?ID=13651182&GUID=76428CAA-98F2-494A-9CC3-B75E203A65DF|For,Ken Sanchez|https://cabq.legistar.com/HistoryDetail.aspx?ID=13651182&GUID=76428CAA-98F2-494A-9CC3-B75E203A65DF|For,Klarissa J. Pena|https://cabq.legistar.com/HistoryDetail.aspx?ID=13651182&GUID=76428CAA-98F2-494A-9CC3-B75E203A65DF|For,,Patrick Davis|https://cabq.legistar.com/HistoryDetail.aspx?ID=13557565&GUID=B141A757-89E2-4153-84A9-E07911916A05|For,Diane G. Gibson|https://cabq.legistar.com/HistoryDetail.aspx?ID=14541644&GUID=BA24B13A-A9D2-4A1A-A634-91A6BCD4964B|For,Trudy E. Jones|https://cabq.legistar.com/HistoryDetail.aspx?ID=13651063&GUID=3BD2F4AE-CBF1-46BF-BC4A-BBF5EC891196|For,Don Harris|https://cabq.legistar.com/HistoryDetail.aspx?ID=13651182&GUID=76428CAA-98F2-494A-9CC3-B75E203A65DF|For,
,,Brad Winter|https://cabq.legistar.com/HistoryDetail.aspx?ID=13557565&GUID=B141A757-89E2-4153-84A9-E07911916A05|For,Ken Sanchez|https://cabq.legistar.com/HistoryDetail.aspx?ID=13557565&GUID=B141A757-89E2-4153-84A9-E07911916A05|Excused,Klarissa J. Pena|https://cabq.legistar.com/HistoryDetail.aspx?ID=13557565&GUID=B141A757-89E2-4153-84A9-E07911916A05|Excused,,Patrick Davis|https://cabq.legistar.com/HistoryDetail.aspx?ID=14637850&GUID=B1E6E17C-B7E2-41EB-BD33-028583500970|For,,Trudy E. Jones|https://cabq.legistar.com/HistoryDetail.aspx?ID=13587649&GUID=1C407310-05F2-451E-9E25-AF86CBE75954|For,Don Harris|https://cabq.legistar.com/HistoryDetail.aspx?ID=13557565&GUID=B141A757-89E2-4153-84A9-E07911916A05|For,
,,Brad Winter|https://cabq.legistar.com/HistoryDetail.aspx?ID=14637850&GUID=B1E6E17C-B7E2-41EB-BD33-028583500970|For,Ken Sanchez|https://cabq.legistar.com/HistoryDetail.aspx?ID=14637850&GUID=B1E6E17C-B7E2-41EB-BD33-028583500970|For,Klarissa J. Pena|https://cabq.legistar.com/HistoryDetail.aspx?ID=14637850&GUID=B1E6E17C-B7E2-41EB-BD33-028583500970|For,,Patrick Davis|https://cabq.legistar.com/HistoryDetail.aspx?ID=13651063&GUID=3BD2F4AE-CBF1-46BF-BC4A-BBF5EC891196|For,,Trudy E. Jones|https://cabq.legistar.com/HistoryDetail.aspx?ID=13587648&GUID=64BB6F3B-476B-4A33-9A4A-361325528AB2|For,Don Harris|https://cabq.legistar.com/HistoryDetail.aspx?ID=14637850&GUID=B1E6E17C-B7E2-41EB-BD33-028583500970|For,
,,Brad Winter|https://cabq.legistar.com/HistoryDetail.aspx?ID=13651063&GUID=3BD2F4AE-CBF1-46BF-BC4A-BBF5EC891196|For,Ken Sanchez|https://cabq.legistar.com/HistoryDetail.aspx?ID=13651063&GUID=3BD2F4AE-CBF1-46BF-BC4A-BBF5EC891196|For,Klarissa J. Pena|https://cabq.legistar.com/HistoryDetail.aspx?ID=13651063&GUID=3BD2F4AE-CBF1-46BF-BC4A-BBF5EC891196|For,,Patrick Davis|https://cabq.legistar.com/HistoryDetail.aspx?ID=13587649&GUID=1C407310-05F2-451E-9E25-AF86CBE75954|For,,Trudy E. Jones|https://cabq.legistar.com/HistoryDetail.aspx?ID=13557407&GUID=132365CA-7C0B-44A9-8395-0E9546AD01C5|For,Don Harris|https://cabq.legistar.com/HistoryDetail.aspx?ID=13651063&GUID=3BD2F4AE-CBF1-46BF-BC4A-BBF5EC891196|For,
,,Brad Winter|https://cabq.legistar.com/HistoryDetail.aspx?ID=13587649&GUID=1C407310-05F2-451E-9E25-AF86CBE75954|For,Ken Sanchez|https://cabq.legistar.com/HistoryDetail.aspx?ID=13587649&GUID=1C407310-05F2-451E-9E25-AF86CBE75954|Excused,Klarissa J. Pena|https://cabq.legistar.com/HistoryDetail.aspx?ID=13587649&GUID=1C407310-05F2-451E-9E25-AF86CBE75954|Excused,,Patrick Davis|https://cabq.legistar.com/HistoryDetail.aspx?ID=13587648&GUID=64BB6F3B-476B-4A33-9A4A-361325528AB2|For,,Trudy E. Jones|https://cabq.legistar.com/HistoryDetail.aspx?ID=16230817&GUID=D5EF821F-A685-4FBA-9C7E-905AF64AA767|For,Don Harris|https://cabq.legistar.com/HistoryDetail.aspx?ID=13587649&GUID=1C407310-05F2-451E-9E25-AF86CBE75954|For,
,,Brad Winter|https://cabq.legistar.com/HistoryDetail.aspx?ID=13587648&GUID=64BB6F3B-476B-4A33-9A4A-361325528AB2|For,Ken Sanchez|https://cabq.legistar.com/HistoryDetail.aspx?ID=13587648&GUID=64BB6F3B-476B-4A33-9A4A-361325528AB2|Excused,Klarissa J. Pena|https://cabq.legistar.com/HistoryDetail.aspx?ID=13587648&GUID=64BB6F3B-476B-4A33-9A4A-361325528AB2|Excused,,Patrick Davis|https://cabq.legistar.com/HistoryDetail.aspx?ID=13557407&GUID=132365CA-7C0B-44A9-8395-0E9546AD01C5|For,,Trudy E. Jones|https://cabq.legistar.com/HistoryDetail.aspx?ID=14541644&GUID=BA24B13A-A9D2-4A1A-A634-91A6BCD4964B|For,Don Harris|https://cabq.legistar.com/HistoryDetail.aspx?ID=13587648&GUID=64BB6F3B-476B-4A33-9A4A-361325528AB2|For,
,,Brad Winter|https://cabq.legistar.com/HistoryDetail.aspx?ID=13557407&GUID=132365CA-7C0B-44A9-8395-0E9546AD01C5|For,Ken Sanchez|https://cabq.legistar.com/HistoryDetail.aspx?ID=13557407&GUID=132365CA-7C0B-44A9-8395-0E9546AD01C5|Excused,Klarissa J. Pena|https://cabq.legistar.com/HistoryDetail.aspx?ID=13557407&GUID=132365CA-7C0B-44A9-8395-0E9546AD01C5|Excused,,Patrick Davis|https://cabq.legistar.com/HistoryDetail.aspx?ID=16230817&GUID=D5EF821F-A685-4FBA-9C7E-905AF64AA767|For,,,Don Harris|https://cabq.legistar.com/HistoryDetail.aspx?ID=13557407&GUID=132365CA-7C0B-44A9-8395-0E9546AD01C5|For,
,,Brad Winter|https://cabq.legistar.com/HistoryDetail.aspx?ID=16230817&GUID=D5EF821F-A685-4FBA-9C7E-905AF64AA767|For,Ken Sanchez|https://cabq.legistar.com/HistoryDetail.aspx?ID=16230817&GUID=D5EF821F-A685-4FBA-9C7E-905AF64AA767|For,Klarissa J. Pena|https://cabq.legistar.com/HistoryDetail.aspx?ID=16230817&GUID=D5EF821F-A685-4FBA-9C7E-905AF64AA767|For,,Patrick Davis|https://cabq.legistar.com/HistoryDetail.aspx?ID=14541644&GUID=BA24B13A-A9D2-4A1A-A634-91A6BCD4964B|For,,,Don Harris|https://cabq.legistar.com/HistoryDetail.aspx?ID=16230817&GUID=D5EF821F-A685-4FBA-9C7E-905AF64AA767|For,
,,Brad Winter|https://cabq.legistar.com/HistoryDetail.aspx?ID=14541644&GUID=BA24B13A-A9D2-4A1A-A634-91A6BCD4964B|For,Ken Sanchez|https://cabq.legistar.com/HistoryDetail.aspx?ID=14541644&GUID=BA24B13A-A9D2-4A1A-A634-91A6BCD4964B|For,Klarissa J. Pena|https://cabq.legistar.com/HistoryDetail.aspx?ID=14541644&GUID=BA24B13A-A9D2-4A1A-A634-91A6BCD4964B|For,,,,,Don Harris|https://cabq.legistar.com/HistoryDetail.aspx?ID=14541644&GUID=BA24B13A-A9D2-4A1A-A634-91A6BCD4964B|For,
